{"cameraMode":{"drawMode":0,"name":"Shaded","section":"Shading Mode"},"sceneLighting":true,"audioPlay":false,"sceneViewState":{"m_AlwaysRefresh":true,"showFog":true,"showSkybox":false,"showFlares":true,"showImageEffects":true,"showParticleSystems":true,"showVisualEffectGraphs":true,"m_FxEnabled":true},"in2DMode":false,"pivot":{"x":2.4731147289276125,"y":-3.3410489559173586,"z":9.63194465637207},"rotation":{"x":0.042303625494241717,"y":0.029460858553647996,"z":0.0000767417877796106,"w":0.9983735680580139},"size":11.71412467956543,"orthographic":false}